{
    "company": {
      "name": "Tech Innovators Inc.",
      "employees": [
        {
          "name": "Alice Johnson",
          "position": "Software Engineer",
          "projects": [
            {
              "name": "AI Research",
              "description": "Exploring machine learning models for text summarization and natural language processing."
            },
            {
              "name": "Web Development",
              "description": "Building a scalable platform for managing cloud-based applications."
            }
          ]
        },
        {
          "name": "Bob Smith",
          "position": "Data Scientist",
          "projects": [
            {
              "name": "Data Analytics",
              "description": "Developing algorithms to analyze large datasets and extract meaningful insights."
            },
            {
              "name": "Automation",
              "description": "Creating automation workflows for internal operations using machine learning."
            }
          ]
        }
      ],
      "year_founded": 2012,
      "locations": [
        {
          "city": "New York",
          "country": "USA"
        },
        {
          "city": "London",
          "country": "UK"
        }
      ]
    },
    "products": [
      {
        "name": "AI-powered Analytics",
        "description": "A tool for businesses to gain insights from their data using AI algorithms."
      },
      {
        "name": "Cloud Manager",
        "description": "An intuitive platform to manage cloud-based applications across multiple servers."
      }
    ],
    "financials": {
      "revenue": "100M USD",
      "profit": "20M USD",
      "year": 2023
    }
  }
  